Character,Closures_Driven,Total_Interactions,Normalized_Score,Degree_Centrality,Betweenness_Centrality,Closeness_Centrality
Gyokuyou,3,16,0.1875,0.5,0.03571428571428571,0.6666666666666666
Maomao,4,100,0.04,1.0,0.6607142857142857,1.0
Xiaolan,0,10,0.0,0.125,0.0,0.5333333333333333
Lihua,0,7,0.0,0.25,0.0,0.5714285714285714
Jinshi,0,69,0.0,0.625,0.08928571428571427,0.7272727272727273
Emperor,0,4,0.0,0.375,0.0,0.6153846153846154
Lihaku,0,6,0.0,0.25,0.0,0.5714285714285714
Lakan,0,7,0.0,0.25,0.0,0.5714285714285714
Loulan,0,1,0.0,0.125,0.0,0.5333333333333333
