Character,Closures_Driven,Total_Interactions,Normalized_Score,Degree_Centrality,Betweenness_Centrality,Closeness_Centrality
Gyokuyou,2,14,0.14285714285714285,0.6666666666666666,0.1,0.75
Maomao,1,53,0.018867924528301886,1.0,0.7,1.0
Xiaolan,0,9,0.0,0.16666666666666666,0.0,0.5454545454545454
Lihua,0,5,0.0,0.3333333333333333,0.0,0.6
Jinshi,0,27,0.0,0.3333333333333333,0.0,0.6
Emperor,0,2,0.0,0.3333333333333333,0.0,0.6
Lihaku,0,2,0.0,0.16666666666666666,0.0,0.5454545454545454
